n,p,cmp_val,cmp_time,lp_val,lp_time,gr_val,gr_time,cpp_val,cpp_time
100,0.05,50.0,0.0017073999988497235,50.0,0.03453039400483249,45,0.00022765299945604056,50.0,0.0014889949961798266
100,0.05,50.0,0.003158056002575904,50.0,0.16087798700027633,47,5.76960010221228e-05,50.0,0.0015211840000119992
200,0.05,100.0,0.010705624001275282,100.0,0.30997173999639926,93,0.00014554800145560876,100.0,0.0021439899937831797
200,0.05,100.0,0.012068186995747965,100.0,0.6270812939983443,91,0.0001300270014326088,100.0,0.0020445129994186573
500,0.05,250.0,0.14573958999972092,250.0,0.8247102550012642,245,0.0007328450010390952,250.0,0.01176204899820732
500,0.05,250.0,0.14687619000324048,250.0,0.683640611001465,242,0.0006392220020643435,250.0,0.007637897004315164
