n,p,cmp_val,cmp_time,gr_val,gr_time,cpp_val,cpp_time
100,0.05,49.5,2.7799978852272034e-07,45,0.00015589699614793062,49.5,0.0016792739988886751
100,0.05,49.0,2.839951775968075e-07,40,7.169099990278482e-05,49.0,0.0013420820032479241
6000,0.05,3000.0,2.00001522898674e-07,2994,0.08147469499817817,3000.0,41.15067485500185
6000,0.05,3000.0,2.1899904822930694e-07,2995,0.08161239099717932,3000.0,40.9665531080027
